                  epoch,         train/box_loss,         train/cls_loss,         train/dfl_loss,   metrics/precision(B),      metrics/recall(B),       metrics/mAP50(B),    metrics/mAP50-95(B),           val/box_loss,           val/cls_loss,           val/dfl_loss,                 lr/pg0,                 lr/pg1,                 lr/pg2
                      1,                 1.4209,                 1.9743,                 1.1352,                0.79087,                 0.6223,                0.72597,                0.38617,                 1.4928,                 1.5123,                 1.2396,              0.0006646,              0.0006646,              0.0006646
                      2,                 1.3948,                  1.134,                 1.1552,                0.88313,                0.83693,                0.90537,                0.53838,                 1.3511,                0.91635,                  1.141,              0.0010018,              0.0010018,              0.0010018
                      3,                 1.3319,                0.96443,                  1.126,                 0.8923,                 0.8521,                0.91958,                 0.5548,                 1.2946,                0.79379,                 1.1064,               0.001009,               0.001009,               0.001009
                      4,                 1.2419,                0.84006,                 1.0817,                0.92749,                0.90032,                0.95126,                0.61072,                 1.1789,                0.65737,                  1.044,               0.000515,               0.000515,               0.000515
